id,name,prolific_pid,study_id,session_id 
1,d547a6b51b233796a3d762908f82ef3677520663,noName,, 
2,Newbie,,, 
4,Quick,,, 
5,Buggy,,, 
6,Buggy,,, 
7,Buggy,,, 
8,Buggy2,,, 
9,test,,, 
10,test,,, 
11,test,,, 
12,test,,, 
13,asf,,, 
14,asf,,, 
15,test,,, 
16,test,,, 
17,test,,, 
18,4,,, 
19,4,,, 
20,asdf,,, 
21,asfd,,, 
22,test,,, 
23,test,,, 
24,Test,,, 
25,qtest,,, 
26,qtest,,, 
27,qtest,,, 
28,qtest,,, 
29,tutti,,, 
30,581a8ed69cf5d505b989c438becd65e37c8de61e,noName,, 
31,Space Test Hm?,,, 
32,asdfasdf,,, 
33,asdfasdf,,, 
34,test,,, 
35,uhuhuh,,, 
36,12,,, 
37,asdfasdf,,, 
38,asdfasdf,,, 
39,asdfasdf,,, 
40,asdfasdf,,, 
41,asdfasdf,,, 
42,2333,,, 
43,2333,,, 
44,344,,, 
45,2333,,, 
46,2333,,, 
47,1,,, 
521,3e0f83cc51276227de3cfebca941faace8aaa317,JEROMEREALTEST,{{%STUDY_ID%}},{{%SESSION_ID%}} 
531,7cb3f42379df52fb7c22a44c27399c3177bd99d2,{{JEROMETESTERPROLIFIC}},{{%STUDY_ID%}},{{%SESSION_ID%}} 
541,72a13254fd4075afc60cbc5a7ad2a70066999fef,{{%PROLIFIC_PID%}},{{LALAJEROMELALA}},{{%SESSION_ID%}} 
551,80e28a51cbc26fa4bd34938c5e593b36146f5e0c,{{JEROME1}},{{JEROME2}},{{JEROME3}} 
561,8949eb0b6a2ef0595f9ef639e167d6209c3ccc60,123,123456,abcdef